0,-8.30
2,-6.10
4,-1.69
6,-0.00
8,-1.46
10,-4.46
12,-5.90
14,-5.16
17,-1.57
19,1.99
21,3.61
23,3.62
25,1.34
27,-0.10
30,0.65
32,2.95
34,5.82
36,7.28
38,7.35
40,6.01
42,4.21
44,3.44
46,4.56
49,6.10
51,7.50
53,7.73
55,6.65
57,5.09
59,3.48
61,2.71
63,3.36
65,3.98
67,4.15
69,3.67
72,1.81
74,-0.03
76,-1.37
78,-1.80
81,-1.35
83,-1.25
85,-1.81
87,-3.07
89,-4.57
91,-5.63
93,-5.94
95,-5.32
97,-4.87
99,-4.86
101,-5.39
103,-6.11
106,-6.60
108,-6.21
110,-5.37
112,-4.47
115,-3.84
117,-3.61
119,-3.59
121,-3.32
124,-2.63
126,-1.60
128,-0.54
130,0.31
132,1.06
134,1.34
136,1.71
138,2.31
140,3.08
143,4.32
145,4.72
147,4.90
149,4.93
151,4.92
153,4.99
155,5.39
158,5.63
160,5.75
163,5.62
165,5.24
167,4.57
169,4.12
171,3.77
173,3.51
175,3.20
177,2.74
180,1.92
182,1.00
184,0.15
186,-0.55
188,-1.15
190,-1.58
192,-2.22
194,-2.80
196,-3.48
200,-4.17
202,-4.65
204,-5.03
206,-5.10
208,-5.15
210,-5.25
212,-5.42
214,-5.58
217,-5.49
219,-5.19
221,-4.75
223,-4.28
225,-3.86
227,-3.31
229,-2.91
231,-2.41
234,-1.78
236,-1.07
238,-0.04
240,0.54
243,1.07
245,1.59
247,2.12
249,2.68
251,3.55
254,4.08
256,4.36
258,4.52
260,4.66
262,4.81
264,5.01
266,5.18
268,5.23
270,5.18
273,4.97
275,4.46
277,4.12
279,3.78
281,3.44
283,3.13
286,2.71
288,1.99
290,1.22
293,0.47
295,-0.18
297,-0.76
299,-1.44
301,-1.90
303,-2.44
305,-3.03
307,-3.64
310,-4.12
312,-4.54
314,-4.69
316,-4.78
318,-4.90
320,-5.04
322,-5.18
324,-5.12
326,-4.89
330,-4.57
332,-4.19
334,-3.62
336,-3.27
338,-2.87
340,-2.42
342,-1.87
344,-1.24
347,-0.30
349,0.25
351,0.77
353,1.27
355,1.77
357,2.57
359,3.09
361,3.58
363,3.98
366,4.16
368,4.30
371,4.50
373,4.59
375,4.77
377,4.87
379,4.84
381,4.72
383,4.30
386,3.97
388,3.66
390,3.34
392,3.03
394,2.54
396,2.06
398,1.37
400,0.66
402,0.03
405,-0.53
407,-1.16
409,-1.60
411,-2.09
414,-2.65
416,-3.22
418,-3.87
420,-4.14
423,-4.31
425,-4.40
427,-4.52
429,-4.66
431,-4.82
433,-4.80
435,-4.63
437,-4.35
440,-4.03
442,-3.51
444,-3.18
446,-2.83
448,-2.41
450,-1.93
452,-1.06
454,-0.47
458,0.06
460,0.54
462,1.00
464,1.48
466,2.24
468,2.72
470,3.18
472,3.57
474,3.86
477,4.01
479,4.18
481,4.29
483,4.38
485,4.50
487,4.52
489,4.36
491,4.15
493,3.84
496,3.53
499,3.23
501,2.90
503,2.49
505,2.03
507,1.42
509,0.80
511,0.20
513,-0.35
516,-0.95
518,-1.37
520,-1.81
522,-2.33
524,-2.88
526,-3.51
528,-3.79
530,-3.97
533,-4.08
535,-4.20
537,-4.40
539,-4.49
542,-4.49
544,-4.36
546,-4.13
548,-3.83
550,-3.37
553,-3.06
555,-2.74
557,-2.37
559,-1.92
561,-1.14
563,-0.59
565,-0.08
567,0.38
570,0.82
572,1.26
574,1.97
576,2.43
578,2.86
580,3.22
582,3.53
585,3.81
587,3.90
590,4.01
592,4.10
594,4.16
596,4.21
598,4.12
600,3.94
602,3.70
604,3.40
606,3.09
609,2.80
611,2.38
613,1.95
615,1.43
617,0.87
619,0.32
621,-0.40
623,-0.78
625,-1.19
629,-1.62
631,-2.10
633,-2.60
635,-3.17
637,-3.47
639,-3.65
641,-3.79
643,-3.92
646,-4.11
648,-4.19
650,-4.19
652,-4.08
654,-3.88
656,-3.64
658,-3.22
660,-2.95
663,-2.64
665,-2.29
667,-1.85
670,-1.14
672,-0.66
674,-0.18
676,0.26
678,0.68
680,1.32
683,1.76
685,2.18
687,2.59
689,2.93
691,3.21
693,3.55
695,3.68
697,3.76
700,3.85
702,3.89
704,3.91
706,3.85
708,3.71
710,3.51
713,3.27
715,2.96
717,2.55
720,2.23
722,1.82
724,1.38
726,0.88
728,0.40
730,-0.25
732,-0.65
734,-1.07
736,-1.50
739,-1.95
741,-2.56
743,-2.89
745,-3.15
747,-3.35
749,-3.53
751,-3.68
753,-3.86
757,-3.90
759,-3.88
761,-3.80
763,-3.65
765,-3.33
767,-3.09
769,-2.83
771,-2.52
774,-2.17
776,-1.57
778,-1.12
780,-0.68
782,-0.24
784,0.17
786,0.57
788,1.19
790,1.61
793,2.00
795,2.38
798,2.69
800,3.07
802,3.28
804,3.45
806,3.57
808,3.63
810,3.67
813,3.63
815,3.58
817,3.48
819,3.33
821,3.10
823,2.87
825,2.43
827,2.06
829,1.68
832,1.28
834,0.86
836,0.25
838,-0.15
841,-0.56
843,-0.99
845,-1.42
847,-1.83
850,-2.35
852,-2.62
854,-2.89
856,-3.11
858,-3.30
860,-3.54
862,-3.62
864,-3.65
866,-3.61
869,-3.52
871,-3.41
873,-3.16
875,-2.94
877,-2.69
879,-2.38
881,-2.04
884,-1.47
887,-1.08
889,-0.68
891,-0.27
893,0.12
895,0.49
897,1.12
899,1.49
901,1.85
903,2.20
906,2.47
908,2.85
910,3.05
912,3.23
914,3.37
916,3.43
918,3.46
920,3.41
922,3.34
926,3.24
928,3.13
930,2.94
932,2.72
934,2.26
936,1.91
938,1.54
940,1.19
943,0.81
945,0.28
947,-0.09
949,-0.52
951,-0.93
953,-1.34
955,-1.70
957,-2.17
959,-2.43
962,-2.66
964,-2.90
966,-3.11
969,-3.33
971,-3.39
973,-3.40
975,7.90
977,17.00
980,-15.00
982,16.03
984,-11.57
986,-5.57
988,-12.58
990,-5.41
992,-5.31
995,-2.26
997,-3.23
999,-4.27
1001,-9.41
1003,-8.07
1005,-6.82
1007,-3.12
1011,-0.02
1013,-0.43
1015,-2.32
1017,-3.54
1019,-3.91
1021,-0.29
1024,2.63
1026,4.25
1028,4.30
1030,2.49
1032,2.12
1034,2.34
1037,3.68
1039,6.36
1041,7.25
1043,6.86
1045,5.92
1047,4.77
1050,4.32
1052,4.92
1055,5.79
1057,6.34
1059,5.73
1061,4.46
1064,3.15
1066,2.23
1068,1.93
1070,2.35
1072,2.34
1074,1.58
1077,0.24
1079,-1.89
1081,-2.81
1083,-2.97
1085,-2.83
1087,-2.97
1090,-3.67
1092,-4.72
1094,-5.62
1097,-6.12
1099,-5.90
1101,-5.47
1104,-5.17
1106,-5.19
1108,-5.61
1110,-5.76
1112,-5.52
1114,-4.89
1117,-3.64
1119,-2.93
1121,-2.49
1123,-2.23
1125,-1.68
1127,-1.05
1130,-0.21
1132,0.73
1134,1.55
1136,2.40
1139,2.73
1141,3.07
1144,3.58
1146,4.27
1148,4.69
1150,5.07
1152,5.27
1154,5.34
1157,5.34
1159,5.28
1161,5.23
1163,5.19
1165,4.94
1167,4.69
1169,4.28
1172,3.79
1174,3.05
1176,2.53
1178,2.19
1180,1.66
1183,0.97
1186,-0.11
1188,-0.88
1190,-1.54
1192,-2.03
1194,-2.74
1196,-3.21
1199,-3.72
1201,-4.25
1203,-4.85
1205,-5.10
1207,-5.22
1209,-5.26
1212,-5.28
1214,-5.30
1216,-5.26
1218,-5.12
1220,-4.86
1222,-4.27
1226,-3.79
1228,-3.31
1230,-2.85
1232,-2.13
1234,-1.57
1236,-0.96
1239,-0.33
1241,0.62
1243,1.20
1245,1.77
1247,2.31
1249,2.78
1252,3.53
1254,4.00
1256,4.27
1258,4.48
1260,4.74
1262,4.83
1265,4.97
1268,5.06
1270,5.06
1272,4.91
1274,4.66
1276,4.34
1278,4.02
1281,3.47
1283,3.12
1285,2.71
1287,2.35
1289,1.76
1291,0.67
1294,0.03
1296,-0.60
1298,-1.13
1300,-1.78
1302,-2.29
1304,-2.83
1307,-3.39
1310,-4.08
1312,-4.39
1314,-4.59
1316,-4.70
1318,-4.78
1321,-4.95
1323,-5.03
1325,-5.01
1327,-4.86
1329,-4.42
1331,-4.05
1334,-3.67
1336,-3.29
1338,-2.70
1340,-2.23
1342,-1.68
1344,-1.08
1347,-0.47
1349,0.37
1352,0.88
1354,1.39
1356,1.87
1358,2.65
1361,3.14
1363,3.59
1365,3.95
1367,4.21
1369,4.33
1371,4.44
1374,4.54
1376,4.68
1378,4.76
1380,4.67
1382,4.48
1384,4.16
1386,3.67
1389,3.36
1391,3.03
1393,2.71
1396,2.41
1398,1.51
1400,0.81
1403,0.19
1405,-0.41
1407,-1.05
1409,-1.46
1411,-1.93
1413,-2.47
1416,-3.30
1418,-3.71
1420,-4.01
1422,-4.19
1424,-4.30
1426,-4.48
1429,-4.61
1431,-4.71
1433,-4.72
1435,-4.49
1438,-4.19
1440,-3.85
1443,-3.52
1445,-3.03
1447,-2.67
1449,-2.25
1451,-1.74
1453,-0.88
1456,-0.32
1458,0.19
1460,0.65
1462,1.11
1464,1.83
1466,2.32
1469,2.80
1471,3.22
1473,3.73
1475,3.92
1477,4.03
1480,4.13
1483,4.24
1485,4.37
1487,4.44
1489,4.38
1491,4.25
1493,3.86
1495,3.54
1498,3.23
1500,2.92
1502,2.51
1504,2.11
1506,1.53
1508,0.93
1511,0.33
1513,-0.44
1515,-0.84
1517,-1.25
1519,-1.68
1521,-2.44
1525,-2.95
1527,-3.34
1529,-3.66
1531,-3.91
1533,-4.03
1535,-4.15
1538,-4.29
1540,-4.39
1542,-4.38
1544,-4.23
1546,-3.98
1548,-3.68
1551,-3.23
1553,-2.93
1555,-2.60
1557,-2.21
1559,-1.50
1561,-0.96
1564,-0.44
1567,0.05
1569,0.49
1571,1.13
1573,1.59
1575,2.05
1578,2.50
1580,3.07
1582,3.37
1584,3.63
1586,3.78
1588,3.92
1591,4.02
1593,4.07
1595,4.11
1597,4.09
1599,3.91
1601,3.70
1603,3.42
1606,3.11
1609,2.68
1611,2.39
1613,1.99
1615,1.49
1617,0.98
1620,0.17
1622,-0.29
1624,-0.67
1626,-1.08
1628,-1.74
1630,-2.22
1633,-2.66
1635,-3.02
1637,-3.33
1639,-3.63
1641,-3.75
1643,-3.90
1646,-4.00
1648,-4.10
1651,-4.06
1653,-3.95
1655,-3.75
1657,-3.37
1660,-3.10
1662,-2.81
1664,-2.50
1666,-1.91
1668,-1.46
1670,-0.99
1673,-0.51
1675,-0.04
1677,0.57
1679,0.98
1681,1.41
1683,1.86
1686,2.46
1688,2.80
1690,3.09
1692,3.34
1695,3.52
1697,3.70
1700,3.77
1702,3.82
1704,3.83
1706,3.79
1708,3.68
1710,3.50
1712,3.27
1715,2.99
1717,2.57
1719,2.25
1721,1.84
1723,1.41
1725,0.74
1728,0.27
1730,-0.14
1732,-0.55
1734,-1.19
1737,-1.62
1739,-2.05
1742,-2.43
1744,-2.75
1746,-3.15
1748,-3.35
1750,-3.52
1752,-3.67
1755,-3.81
1757,-3.83
1759,-3.77
1761,-3.66
1763,-3.42
1765,-3.21
1768,-2.97
1770,-2.69
1772,-2.19
1774,-1.81
1776,-1.39
1779,-0.97
1782,-0.54
1784,0.09
1786,0.48
1788,0.88
1790,1.30
1792,1.89
1795,2.26
1797,2.58
1799,2.84
1801,3.07
1803,3.37
1805,3.50
1807,3.56
1810,3.61
1812,3.58
1814,3.53
1816,3.43
1818,3.28
1820,3.00
1824,2.73
1826,2.45
1828,2.09
1830,1.70
1832,1.12
1834,0.72
1837,0.34
1839,-0.05
1841,-0.69
1843,-1.12
1845,-1.51
1847,-1.90
1850,-2.24
1852,-2.65
1854,-2.88
1856,-3.11
1858,-3.31
1860,-3.50
1864,-3.57
1866,-3.57
1868,-3.51
1870,-3.36
1872,-3.21
1874,-3.04
1877,-2.82
1879,-2.40
1881,-2.06
1883,-1.68
1885,-1.31
1887,-0.93
1890,-0.35
1892,0.04
1894,0.43
1896,0.83
1898,1.40
1900,1.75
1902,2.08
1905,2.38
1908,2.63
1910,2.94
1912,3.13
1914,3.27
1916,3.36
1919,3.39
1921,3.36
1923,3.29
1925,3.21
1927,3.01
1929,2.83
1932,5.00
1934,17.00
1936,17.00
1938,11.52
1940,-1.82
1943,-4.47
1945,-10.27
1947,-5.25
1950,-7.97
1952,-2.66
1954,-3.63
1957,-7.17
1959,-9.74
1961,-12.17
1963,-6.72
1965,-8.24
1967,-6.24
1970,-6.69
1972,-9.61
1974,-10.69
1976,-10.74
1978,-7.65
1981,-5.92
1983,-3.05
1985,-2.54
1987,-3.81
1989,-3.26
1992,-2.53
1995,0.14
1997,2.47
1999,4.00
2001,5.15
2003,4.72
2005,4.56
2007,5.05
2010,6.07
2012,8.34
2014,9.00
2016,9.40
2018,9.19
2020,8.18
2023,7.90
2025,7.90
2027,8.15
2029,8.46
2031,8.08
2033,7.23
2037,6.17
2039,4.94
2041,3.65
2043,3.17
2045,2.62
2047,2.18
2050,1.20
2052,-1.24
2054,-2.79
2056,-3.97
2058,-4.73
2060,-5.18
2063,-5.61
2065,-6.34
2067,-7.35
2069,-8.69
2071,-9.17
2073,-9.13
2076,-8.84
2079,-8.35
2081,-8.24
2083,-8.29
2085,-8.23
2087,-7.88
2090,-6.62
2092,-5.54
2094,-4.47
2096,-3.59
2098,-2.60
2100,-1.94
2103,-1.11
2105,-0.02
2107,1.86
2109,3.08
2111,3.96
2113,4.79
2116,5.24
2118,5.73
2121,6.32
2123,7.00
2125,7.49
2127,8.21
2129,8.32
2132,8.16
2134,8.02
2136,7.73
2138,7.44
2140,7.30
2142,6.97
2145,6.54
2147,5.47
2149,4.68
2151,3.81
2153,2.94
2155,1.77
2158,1.33
2160,0.24
2163,-0.94
2165,-2.17
2167,-3.81
2169,-4.49
2172,-5.06
2174,-5.54
2176,-6.38
2178,-7.09
2180,-7.67
2182,-8.15
2185,-8.34
2187,-8.20
2189,-7.99
2191,-7.76
2193,-7.50
2195,-7.21
2198,-6.77
2200,-6.11
2202,-5.28
2204,-3.94
2207,-3.10
2209,-2.33
2212,-1.61
2214,-0.41
2216,0.56
2218,1.58
2220,2.63
2222,3.91
2225,4.77
2227,5.20
2229,5.50
2231,5.90
2233,6.63
2235,7.06
2238,7.49
2240,7.69
2242,7.59
2244,7.41
2246,7.13
2249,6.87
2252,6.52
2254,6.16
2256,5.69
2258,5.16
2260,4.38
2262,3.11
2264,2.29
2267,1.63
2269,1.05
2271,-0.46
2273,-1.49
2275,-2.52
2277,-3.50
2280,-4.14
2282,-4.99
2284,-5.45
2286,-5.98
2288,-6.61
2291,-7.30
2294,-7.61
2296,-7.67
2298,-7.58
2300,-7.32
2302,-7.12
2304,-6.91
2307,-6.60
2309,-5.88
2311,-5.20
2313,-4.42
2315,-3.62
2317,-2.85
2320,-1.76
2322,-1.04
2324,-0.27
2326,0.62
2328,2.01
2330,2.91
2334,3.66
2336,4.42
2338,5.07
2340,5.36
2342,5.78
2344,6.15
2347,6.57
2349,7.08
2351,7.14
2353,7.07
2355,6.88
2357,6.46
2360,6.24
2362,5.97
2364,5.62
2366,5.28
2368,4.33
2370,3.57
2373,2.79
2376,1.97
2378,1.19
2380,0.30
2382,-0.61
2384,-1.50
2386,-2.96
2389,-3.59
2391,-4.20
2393,-4.69
2395,-5.41
2397,-5.97
2400,-6.44
2402,-6.81
2404,-7.02
2406,-7.02
2408,-6.91
2410,-6.76
2413,-6.59
2415,-6.22
2417,-5.84
2420,-5.30
2422,-4.65
2424,-3.59
2427,-2.89
2429,-2.20
2431,-1.51
2433,-0.82
2435,0.34
2437,1.16
2440,2.04
2442,2.82
2444,3.80
2446,4.47
2448,4.80
2450,5.10
2452,5.47
2455,5.95
2457,6.31
2459,6.58
2462,6.64
2464,6.49
2466,6.25
2469,5.95
2471,5.72
2473,5.33
2475,4.94
2477,4.48
2479,3.84
2482,3.10
2484,2.06
2486,1.59
2488,0.80
2490,-0.01
2492,-1.24
2494,-2.15
2497,-2.84
2499,-3.43
2501,-4.24
2504,-4.72
2506,-5.23
2509,-5.69
2511,-6.09
2513,-6.44
2515,-6.50
2517,-6.47
2519,-6.40
2522,-6.20
2524,-5.98
2526,-5.67
2528,-5.24
2530,-4.42
2532,-3.81
2535,-3.18
2537,-2.54
2539,-1.56
2541,-0.88
2543,-0.17
2545,0.57
2549,1.33
2551,2.43
2553,3.08
2555,3.65
2557,4.29
2559,4.77
2562,5.06
2564,5.37
2566,5.60
2568,5.88
2570,6.13
2572,6.13
2574,6.03
2577,5.80
2579,5.39
2581,5.11
2583,4.77
2585,4.40
2587,3.67
2591,3.06
2593,2.40
2595,1.92
2597,1.16
2599,-0.02
2601,-0.71
2604,-1.49
2606,-2.15
2608,-3.03
2610,-3.58
2612,-4.13
2614,-4.64
2617,-5.26
2619,-5.59
2621,-5.80
2623,-5.93
2625,-5.98
2627,-5.97
2630,-5.89
2633,-5.72
2635,-5.45
2637,-4.88
2639,-4.40
2641,-3.88
2644,-3.35
2646,-2.48
2648,-1.85
2650,-1.19
2652,-0.53
2654,0.13
2657,1.15
2659,1.83
2661,2.45
2663,3.04
2665,3.91
2667,4.33
2670,4.60
2672,4.83
2675,5.18
2677,5.38
2679,5.60
2681,5.71
2684,5.70
2686,5.48
2688,5.18
2690,4.90
2692,4.60
2694,4.07
2696,3.69
2699,3.21
2701,2.63
2703,2.14
2705,1.06
2707,0.32
2709,-0.36
2712,-1.03
2714,-1.87
2716,-2.44
2719,-3.00
2721,-3.57
2723,-4.37
2726,-4.75
2728,-5.05
2730,-5.24
2732,-5.39
2734,-5.53
2736,-5.60
2739,-5.59
2741,-5.47
2743,-5.07
2745,-4.70
2747,-4.29
2749,-3.85
2752,-3.15
2754,-2.65
2756,-2.07
2758,-1.43
2761,-0.79
2763,0.13
2766,0.75
2768,1.33
2770,1.94
2772,2.79
2774,3.31
2776,3.86
2779,4.22
2781,4.54
2783,4.75
2785,4.91
2787,5.05
2789,5.25
2792,5.31
2794,5.23
2796,5.03
2798,4.72
2800,4.27
2803,3.93
2805,3.59
2808,3.21
2810,2.73
2812,2.04
2814,1.30
2816,0.55
2818,-0.08
2821,-0.99
2823,-1.46
2825,-1.95
2827,-2.50
2829,-3.36
2831,-3.91
2834,-4.31
2836,-4.58
2838,-4.78
2840,-4.96
2842,-5.09
2844,-5.20
2848,-5.25
2850,-5.11
2852,-4.84
2854,-4.50
2856,-4.12
2858,-3.56
2861,-3.18
2863,-2.74
2865,-2.21
2867,-1.31
2869,-0.67
2871,-0.09
2874,0.46
2876,0.99
2878,1.78
2880,2.33
2882,2.85
2884,3.36
2888,4.00
2890,4.21
2892,4.36
2894,4.52
2896,4.63
2898,4.85
2901,4.96
2903,4.94
2905,4.82
2907,4.41
2909,4.09
2911,3.78
2913,3.44
2916,3.13
2918,2.59
2920,2.16
2922,1.46
2924,0.75
2926,-0.19
2929,-0.73
2932,-1.17
2934,-1.59
2936,-2.36
2938,-2.92
2940,-3.47
2943,-3.91
2945,-4.20
2947,-4.44
2949,-4.55
2951,-4.67
2953,-4.80
2956,-4.92
2958,-4.83
2960,-4.63
2962,-4.32
2964,-3.79
2966,-3.45
2969,-3.10
2971,-2.72
2974,-2.01
2976,-1.44
2978,-0.83
2980,5.20
2983,17.00
2985,4.68
2987,13.76
2989,0.16
2991,-6.89
2993,-8.05
2996,-4.32
2998,-6.43
3000,-0.16
3002,-5.13
3004,-5.61
3007,-6.21
3009,-10.54
3011,-5.81
3013,-4.97
3016,-2.93
3018,-2.21
3021,-7.10
3023,-6.65
3025,-7.90
3027,-4.47
3029,-1.47
3031,-0.21
3034,0.68
3036,-1.72
3038,-2.27
3040,-0.92
3042,1.42
3044,4.50
3047,5.06
3049,4.65
3051,3.66
3053,2.68
3055,3.46
3057,4.65
3061,6.90
3063,7.56
3065,6.95
3067,6.00
3069,4.55
3071,4.30
3073,4.80
3076,5.44
3078,5.73
3080,4.92
3082,3.56
3084,2.29
3086,1.35
3089,1.21
3091,1.16
3093,0.79
3095,-0.00
3097,-2.01
3099,-3.12
3103,-3.74
3105,-3.92
3107,-3.85
3109,-4.12
3111,-4.69
3113,-5.47
3116,-6.16
3118,-6.38
3120,-6.08
3122,-5.63
3124,-5.31
3126,-5.21
3129,-5.27
3131,-5.15
3133,-4.70
3135,-3.57
3137,-2.73
3139,-2.04
3142,-1.53
3145,-1.10
3147,-0.42
3149,0.24
3151,1.08
3153,1.93
3156,2.99
3158,3.43
3160,3.83
3162,4.12
3164,4.34
3166,4.82
3169,5.20
3171,5.46
3173,5.69
3175,5.64
3177,5.43
3179,5.22
3182,4.94
3184,4.68
3187,4.45
3189,4.12
3191,3.68
3193,3.09
3196,2.17
3198,1.64
3200,0.94
3202,0.33
3204,-0.60
3206,-1.33
3208,-1.94
3211,-2.55
3213,-3.35
3215,-3.82
3217,-4.25
3219,-4.59
3221,-4.91
3224,-5.28
3226,-5.44
3228,-5.53
3231,-5.51
3233,-5.35
3236,-5.15
3238,-4.91
3240,-4.62
3242,-4.04
3244,-3.58
3246,-3.06
3249,-2.50
3251,-1.62
3253,-1.02
3255,-0.44
3257,0.12
3259,0.74
3261,1.69
3264,2.28
3266,2.83
3268,3.32
3270,4.01
3273,4.26
3275,4.46
3278,4.69
3280,4.87
3282,5.11
3284,5.21
3286,5.20
3288,5.09
3291,4.75
3293,4.46
3295,4.17
3297,3.85
3299,3.49
3301,2.88
3304,2.43
3306,1.92
3308,1.17
3310,0.17
3312,-0.44
3315,-1.02
3318,-1.49
3320,-2.26
3322,-2.81
3324,-3.36
3326,-3.88
3328,-4.25
3331,-4.63
3333,-4.78
3335,-4.89
3337,-5.01
3339,-5.13
3341,-5.12
3344,-4.98
3346,-4.72
3348,-4.20
3350,-3.84
3352,-3.45
3354,-3.06
3358,-2.36
3360,-1.83
3362,-1.22
3364,-0.60
3366,-0.03
3368,0.78
3371,1.29
3373,1.82
3375,2.37
3377,3.10
3379,3.57
3381,3.96
3384,4.17
3386,4.39
3388,4.52
3390,4.62
3392,4.77
3394,4.85
3396,4.79
3400,4.60
3402,4.30
3404,3.99
3406,3.51
3408,3.17
3410,2.83
3413,2.50
3415,2.02
3417,0.99
3419,0.33
3421,-0.26
3423,-0.77
3426,-1.40
3428,-1.86
3430,-2.40
3432,-2.96
3434,-3.69
3436,-4.03
3439,-4.23
3441,-4.37
3444,-4.48
3446,-4.67
3448,-4.79
3450,-4.83
3453,-4.73
3455,-4.35
3457,-4.01
3459,-3.66
3461,-3.34
3463,-2.82
3466,-2.41
3468,-1.92
3470,-1.34
3472,-0.45
3474,0.08
3476,0.56
3479,1.02
3481,1.50
3483,2.27
3486,2.73
3488,3.18
3490,3.59
3493,3.96
3495,4.08
3497,4.18
3499,4.29
3501,4.38
3503,4.52
3505,4.51
3508,4.38
3510,4.15
3512,3.68
3514,3.36
3516,3.05
3518,2.74
3521,2.47
3523,1.72
3525,1.11
3528,0.50
3530,-0.10
3532,-0.77
3535,-1.18
3537,-1.59
3539,-2.08
3541,-2.88
3543,-3.31
3545,-3.67
3548,-3.90
3550,-4.03
3552,-4.20
3554,-4.33
3556,-4.44
3558,-4.50
3561,-4.36
3563,-4.13
3565,-3.84
3567,-3.53
3569,-3.06
3572,-2.74
3575,-2.36
3577,-1.90
3579,-1.12
3581,-0.58
3583,-0.06
3585,0.40
3588,0.82
3590,1.50
3592,1.97
3594,2.43
3596,2.86
3598,3.38
3601,3.66
3603,3.82
3605,3.90
3607,4.01
3609,4.12
3611,4.19
3614,4.21
3617,4.11
3619,3.82
3621,3.54
3623,3.23
3625,2.92
3627,2.65
3630,2.18
3632,1.69
3634,1.15
3636,0.59
3638,-0.21
3640,-0.60
3643,-0.99
3645,-1.40
3647,-2.11
3649,-2.59
3651,-3.00
3653,-3.34
3657,-3.57
3659,-3.79
3661,-3.91
3663,-4.03
3665,-4.15
3667,-4.17
3670,-4.09
3672,-3.90
3674,-3.65
3676,-3.22
3678,-2.93
3681,-2.63
3683,-2.27
3685,-1.63
3687,-1.15
3689,-0.66
3691,-0.17
3694,0.27
3696,0.90
3699,1.32
3701,1.76
3703,2.19
3705,2.76
3707,3.07
3710,3.35
3712,3.55
3714,3.73
3716,3.81
3718,3.87
3720,3.89
3723,3.89
3725,3.78
3727,3.62
3729,3.40
3731,3.11
3733,2.69
3736,2.41
3738,2.01
3740,1.59
3743,1.12
3745,0.40
3747,-0.05
3750,-0.44
3752,-0.86
3754,-1.51
3756,-1.95
3758,-2.37
3760,-2.72
3763,-3.15
3765,-3.35
3767,-3.53
3769,-3.68
3771,-3.81
3773,-3.89
3776,-3.87
3778,-3.79
3780,-3.63
3782,-3.33
3785,-3.09
3787,-2.81
3790,-2.51
3792,-1.97
3794,-1.56
3796,-1.12
3798,-0.68
3800,-0.02
3803,0.39
3805,0.78
3807,1.20
3809,1.60
3811,2.19
3813,2.53
3816,2.83
3818,3.08
3820,3.38
3822,3.51
3824,3.59
3827,3.64
3829,3.66
3832,3.62
3834,3.53
3836,3.40
3838,3.21
3840,2.86
3842,2.57
3845,2.25
3847,1.87
3849,1.27
3851,0.86
3853,0.46
3855,0.05
3858,-0.35
3860,-1.01
3862,-1.42
3864,-1.82
3866,-2.18
3868,-2.62
3872,-2.88
3874,-3.10
3876,-3.30
3878,-3.47
3880,-3.62
3882,-3.63
3885,-3.59
3887,-3.51
3889,-3.31
3891,-3.15
3893,-2.94
3895,-2.69
3898,-2.21
3900,-1.84
3902,-1.46
3904,-1.07
3906,-0.48
3908,-0.09
3912,0.31
3914,0.71
3916,1.10
3918,1.68
3920,2.02
3922,2.34
3924,2.60
3927,2.95
3929,3.15
3931,3.29
3933,3.39
3935,3.44
3937,3.43
3940,3.37
3942,3.29
3944,3.19
3946,2.94
3948,2.72
3950,2.43
3953,2.09
3956,14.86
3958,2.08
3960,-7.19
3962,11.00
3964,-6.61
3967,-6.39
3969,-6.18
3971,-5.60
3973,-7.30
3975,-3.03
3977,-8.63
3980,-6.17
3982,-11.49
3984,-8.56
3986,-9.26
3988,-7.63
3991,-6.04
3993,-7.88
3995,-7.35
3998,-8.58
4000,-7.61
4002,-5.17
4005,-3.20
4007,-1.70
4009,-1.71
4011,-1.84
4013,-0.95
4015,-0.03
4018,2.22
4020,3.60
4022,5.30
4024,5.66
4026,5.10
4028,5.26
4031,5.81
4033,6.95
4035,8.04
4037,8.51
4040,8.48
4042,7.98
4044,7.26
4047,6.87
4049,6.87
4051,6.83
4053,6.74
4055,6.20
4057,5.34
4060,4.28
4062,2.63
4064,1.85
4066,1.48
4068,1.00
4070,-0.45
4073,-1.75
4075,-3.07
4077,-4.21
4079,-4.83
4081,-5.40
4084,-5.68
4087,-6.22
4089,-6.92
4091,-7.92
4093,-8.30
4095,-8.30
4097,-8.03
4100,-7.44
4102,-7.19
4104,-7.04
4106,-6.85
4108,-6.21
4110,-5.42
4113,-4.43
4115,-3.41
4117,-2.54
4119,-1.54
4121,-0.93
4123,-0.18
4127,0.78
4129,2.44
4131,3.45
4133,4.26
4135,4.94
4137,5.22
4140,5.59
4142,6.07
4144,6.56
4146,7.07
4148,7.58
4150,7.55
4152,7.36
4155,7.06
4157,6.61
4159,6.43
4161,6.20
4163,5.88
4165,5.48
4169,4.36
4171,3.47
4173,2.60
4175,1.78
4177,1.08
4179,0.17
4182,-0.81
4184,-1.80
4186,-2.94
4188,-4.04
4190,-4.63
4192,-5.07
4195,-5.47
4197,-6.33
4199,-6.83
4201,-7.28
4203,-7.51
4205,-7.42
4208,-7.23
4211,-6.98
4213,-6.79
4215,-6.43
4217,-6.05
4219,-5.50
4222,-4.76
4224,-3.96
4226,-2.77
4228,-2.05
4230,-1.39
4232,-0.71
4235,0.52
4237,1.43
4239,2.37
4241,3.20
4243,4.27
4245,4.78
4248,5.06
4250,5.37
4252,5.80
4255,6.34
4257,6.76
4259,6.97
4262,6.94
4264,6.72
4266,6.42
4268,6.17
4270,5.96
4272,5.64
4274,5.14
4277,4.58
4279,3.86
4281,3.09
4283,1.94
4285,1.56
4287,0.70
4290,-0.18
4292,-1.02
4294,-2.46
4297,-3.18
4299,-3.77
4301,-4.32
4304,-5.03
4306,-5.56
4308,-6.05
4310,-6.46
4312,-6.81
4314,-6.85
4317,-6.79
4319,-6.67
4321,-6.43
4323,-6.20
4325,-5.88
4327,-5.42
4330,-4.84
4332,-3.85
4334,-3.16
4336,-2.50
4339,-1.81
4341,-0.80
4344,-0.03
4346,0.73
4348,1.57
4350,2.74
4352,3.39
4354,4.04
4357,4.54
4359,4.86
4361,5.35
4363,5.68
4365,5.95
4367,6.28
4370,6.47
4372,6.40
4374,6.23
4376,5.95
4378,5.70
4380,5.32
4383,4.97
4386,4.58
4388,4.04
4390,3.03
4392,2.34
4394,1.83
4396,1.11
4399,-0.10
4401,-0.85
4403,-1.70
4405,-2.45
4407,-3.05
4409,-3.88
4412,-4.40
4414,-4.90
4416,-5.37
4418,-5.92
4420,-6.16
4422,-6.27
4426,-6.30
4428,-6.24
4430,-6.13
4432,-5.96
4434,-5.65
4436,-5.28
4439,-4.55
4441,-3.98
4443,-3.39
4445,-2.78
4447,-1.82
4449,-1.14
4452,-0.46
4454,0.24
4456,1.33
4458,2.04
4460,2.70
4462,3.28
4465,3.92
4468,4.55
4470,4.82
4472,5.11
4474,5.36
4476,5.72
4479,5.93
4481,5.99
4483,5.95
4485,5.79
4487,5.36
4489,5.10
4492,4.78
4494,4.43
4496,3.81
4498,3.25
4500,2.64
4502,2.10
4504,1.03
4507,0.27
4510,-0.44
4512,-1.15
4514,-1.84
4516,-2.68
4518,-3.24
4521,-3.81
4523,-4.34
4525,-5.02
4527,-5.31
4529,-5.55
4532,-5.70
4534,-5.82
4536,-5.85
4538,-5.81
4540,-5.68
4542,-5.28
4545,-4.90
4547,-4.46
4549,-3.98
4552,-3.48
4554,-2.67
4556,-2.08
4559,-1.43
4561,-0.77
4563,0.20
4565,0.85
4567,1.50
4569,2.12
4572,2.99
4574,3.54
4576,4.10
4578,4.41
4580,4.64
4582,5.00
4584,5.14
4587,5.35
4589,5.53
4591,5.55
4593,5.44
4596,5.20
4598,4.89
4601,4.60
4603,4.08
4605,3.73
4607,3.31
4609,2.79
4611,2.06
4614,1.30
4616,0.55
4618,-0.12
4620,-0.77
4622,-1.61
4624,-2.14
4627,-2.69
4629,-3.27
4631,-4.09
4633,-4.52
4635,-4.82
4638,-5.03
4641,-5.23
4643,-5.35
4645,-5.44
4647,-5.47
4649,-5.32
4651,-5.05
4654,-4.69
4656,-4.31
4658,-3.90
4660,-3.25
4662,-2.79
4664,-2.25
4667,-1.63
4669,-0.66
4671,-0.07
4673,0.52
4675,1.09
4677,1.92
4681,2.51
4683,3.03
4685,3.55
4687,4.02
4689,4.38
4691,4.56
4693,4.73
4696,4.84
4698,5.11
4700,5.17
4702,5.14
4704,5.01
4706,4.73
4709,4.25
4711,3.94
4713,3.59
4715,3.26
4717,2.64
4719,2.22
4723,1.51
4725,0.77
4727,0.11
4729,-0.80
4731,-1.27
4733,-1.71
4736,-2.23
4738,-3.07
4740,-3.63
4742,-4.09
4744,-4.39
4746,-4.67
4749,-4.76
4751,-4.89
4753,-5.03
4755,-5.11
4757,-5.04
4759,-4.82
4762,-4.51
4764,-4.13
4767,-3.59
4769,-3.22
4771,-2.82
4773,-2.34
4776,-1.48
4778,-0.87
4780,-0.27
4782,0.27
4784,1.04
4786,1.55
4789,2.07
4791,2.60
4793,3.09
4795,3.77
4797,4.06
4799,4.21
4801,4.35
4804,4.53
4806,4.65
4809,4.80
4811,4.82
4813,4.75
4815,4.42
4818,4.10
4820,3.78
4822,3.46
4824,2.97
4826,2.66
4828,2.28
4831,1.64
4833,0.62
4835,0.00
4837,-0.56
4839,-0.98
4841,-1.39
4844,-2.12
4846,-2.67
4848,-3.23
4851,-3.68
4853,-4.13
4855,-4.27
4858,-4.38
4860,-4.50
4862,-4.62
4864,-4.80
4866,-4.76
4868,-4.59
4871,-4.30
4873,-3.79
4875,-3.45
4877,-3.13
4879,-2.77
4881,-2.14
4884,-1.60
4886,-1.01
4888,-0.43
4890,0.34
4892,0.80
4895,1.25
4898,1.74
4900,2.25
4902,2.97
4904,3.37
4906,3.72
4908,3.94
4911,4.09
4913,4.21
4915,4.31
4917,4.39
4919,4.49
4921,4.40
4923,4.22
4926,3.96
4928,3.63
4930,3.18
4932,2.84
4934,2.57
4937,2.25
4940,1.37
4942,0.77
4944,0.16
4946,-0.38
4948,-0.78
4950,-1.40
4953,-1.84
4955,-2.34
4957,-2.88
4959,-3.48
4961,-3.76
4963,-3.59
4966,17.00
4968,-5.25
4970,-3.54
4972,-1.27
4974,-11.73
4977,-11.34
4980,-8.47
4982,-6.53
4984,-6.57
4986,-5.13
4988,-5.61
4991,-7.73
4993,-8.31
4995,-8.03
4997,-4.56
4999,-2.51
5001,-1.67
5004,-1.80
5006,-2.82
5008,-2.72
5010,-1.20
5012,0.93
5014,3.57
5017,4.07
5019,3.91
5022,3.81
5024,3.79
5026,4.68
5028,5.95
5031,7.08
5033,7.50
5035,7.20
5037,6.58
5039,6.08
5041,6.00
5043,6.16
5046,6.61
5048,6.58
5050,6.04
5052,5.10
5054,3.51
5056,2.73
5059,2.32
5061,2.07
5064,1.55
5066,0.50
5068,-0.78
5070,-2.06
5073,-3.18
5075,-3.76
5077,-3.95
5079,-4.23
5081,-4.81
5083,-6.11
5086,-6.81
5088,-7.14
5090,-7.10
5092,-6.65
5094,-6.43
5096,-6.39
5099,-6.47
5101,-6.45
5103,-5.91
5105,-5.19
5108,-4.32
5110,-3.49
5113,-2.56
5115,-2.07
5117,-1.54
5119,-0.89
5121,0.46
5123,1.46
5126,2.39
5128,3.06
5130,3.54
5132,4.33
5134,4.63
5136,5.01
5139,5.51
5141,6.08
5143,6.39
5145,6.51
5147,6.45
5150,6.23
5152,6.01
5155,5.82
5157,5.70
5159,5.45
5161,4.80
5163,4.23
5165,3.51
5168,2.82
5170,1.97
5172,1.48
5174,0.70
5176,-0.16
5178,-1.02
5181,-2.35
5183,-2.98
5185,-3.50
5187,-3.95
5189,-4.68
5192,-5.24
5195,-5.73
5197,-6.12
5199,-6.36
5201,-6.36
5203,-6.30
5205,-6.21
5208,-6.06
5210,-5.86
5212,-5.55
5214,-5.08
5216,-4.50
5218,-3.56
5221,-2.95
5223,-2.36
5225,-1.75
5227,-0.75
5229,-0.02
5231,0.74
5235,1.51
5237,2.55
5239,3.14
5241,3.71
5243,4.27
5245,4.60
5248,5.07
5250,5.38
5252,5.60
5254,5.84
5256,6.01
5258,5.98
5261,5.88
5263,5.65
5265,5.39
5267,4.97
5269,4.61
5271,4.21
5273,3.73
5276,2.87
5279,2.27
5281,1.76
5283,0.96
5285,-0.19
5287,-0.90
5290,-1.65
5292,-2.25
5294,-2.80
5296,-3.63
5298,-4.18
5300,-4.69
5303,-5.12
5305,-5.56
5307,-5.74
5309,-5.82
5311,-5.87
5313,-5.88
5316,-5.78
5318,-5.59
5321,-5.29
5323,-4.90
5325,-4.20
5327,-3.70
5330,-3.16
5332,-2.61
5334,-1.69
5336,-1.02
5338,-0.35
5340,0.29
5343,1.28
5345,1.94
5347,2.54
5349,3.10
5351,3.97
5353,4.34
5356,4.61
5358,4.83
5360,5.06
5363,5.33
5365,5.54
5367,5.62
5370,5.59
5372,5.34
5374,5.05
5376,4.76
5378,4.45
5380,4.09
5383,3.52
5385,3.04
5387,2.49
5389,2.01
5391,0.84
5393,0.13
5395,-0.52
5398,-1.17
5400,-1.70
5402,-2.52
5404,-3.07
5407,-3.67
5409,-4.20
5412,-4.77
5414,-5.01
5416,-5.18
5418,-5.29
5420,-5.47
5422,-5.53
5425,-5.50
5427,-5.34
5429,-4.91
5431,-4.52
5433,-4.10
5435,-3.69
5438,-3.24
5440,-2.50
5442,-1.91
5444,-1.26
5446,-0.62
5449,0.28
5452,0.88
5454,1.45
5456,2.02
5458,2.85
5460,3.38
5462,3.90
5465,4.24
5467,4.45
5469,4.72
5471,4.85
5473,5.01
5475,5.18
5478,5.23
5480,5.13
5482,4.91
5484,4.59
5486,4.28
5488,3.77
5492,3.43
5494,3.07
5496,2.61
5498,1.84
5500,1.08
5502,0.37
5504,-0.25
5507,-0.85
5509,-1.56
5511,-2.05
5513,-2.59
5515,-3.17
5517,-3.96
5520,-4.32
5522,-4.58
5524,-4.74
5526,-4.90
5528,-5.03
5531,-5.14
5534,-5.17
5536,-4.97
5538,-4.69
5540,-4.34
5542,-3.96
5545,-3.60
5547,-3.02
5549,-2.57
5551,-2.05
5553,-1.44
5555,-0.50
5558,0.05
5560,0.58
5562,1.09
5564,1.89
5566,2.44
5568,2.94
5570,3.43
5573,3.86
5576,4.20
5578,4.33
5580,4.48
5582,4.59
5584,4.81
5587,4.88
5589,4.85
5591,4.70
5593,4.43
5595,3.95
5597,3.63
5600,3.30
5602,2.98
5604,2.47
5606,1.94
5608,1.25
5610,0.56
5612,-0.06
5615,-0.84
5617,-1.24
5620,-1.68
5622,-2.19
5624,-3.05
5627,-3.56
5629,-3.95
5631,-4.19
5633,-4.40
5635,-4.50
5637,-4.63
5640,-4.76
5642,-4.84
5644,-4.72
5646,-4.49
5648,-4.15
5650,-3.79
5653,-3.29
5655,-2.96
5657,-2.58
5659,-2.10
5662,-1.27
5664,-0.65
5667,-0.12
5669,0.40
5671,1.09
5673,1.58
5675,2.07
5677,2.57
5679,3.04
5682,3.64
5684,3.90
5686,4.05
5688,4.15
5690,4.31
5692,4.41
5695,4.52
5697,4.54
5699,4.45
5701,4.12
5704,3.80
5706,3.50
5709,3.19
5711,2.72
5713,2.43
5715,1.94
5717,1.34
5719,0.41
5722,-0.18
5724,-0.62
5726,-1.02
5728,-1.45
5730,-2.15
5732,-2.70
5735,-3.18
5737,-3.56
5739,-3.92
5741,-4.05
5743,-4.17
5745,-4.30
5749,-4.47
5751,-4.52
5753,-4.44
5755,-4.24
5757,-3.96
5759,-3.48
5762,-3.18
5764,-2.87
5766,-2.51
5768,-1.84
5770,-1.33
5772,-0.77
5775,-0.24
5777,0.46
5779,0.89
5781,1.34
5783,1.79
5785,2.27
5788,2.92
5791,3.28
5793,3.59
5795,3.78
5797,3.92
5799,4.02
5801,4.11
5804,4.18
5806,4.23
5808,4.10
5810,3.92
5812,3.66
5814,3.35
5817,2.89
5819,2.62
5821,2.34
5823,1.88
5825,1.07
5827,0.51
5830,-0.04
5833,-0.47
5835,-0.85
5837,-1.46
5839,-1.94
5841,-2.42
5844,-2.87
5846,-3.39
5848,-3.61
5850,-3.76
5852,-3.88
5854,-4.06
5857,-4.15
5859,-4.19
5861,-4.15
5863,-3.99
5865,-3.62
5867,-3.33
5870,-3.04
5872,-2.75
5875,-2.22
5877,-1.80
5879,-1.33
5881,-0.84
5884,-0.11
5886,0.33
5888,0.74
5890,1.17
5892,1.60
5894,2.24
5897,2.63
5899,2.97
5901,3.25
5903,3.57
5905,3.70
5907,3.78
5910,3.85
5912,3.89
5914,3.91
5916,3.85
5919,3.69
5921,3.50
5923,3.09
5926,2.81
5928,2.52
5930,2.20
5932,1.54
5934,6.64
5936,17.00
5939,10.46
5941,3.35
5943,-2.28
5945,-3.95
5947,-8.32
5949,-4.12
5952,-7.12
5954,-3.72
5956,-7.01
5958,-7.67
5961,-9.05
5964,-9.67
5966,-8.08
5968,-8.56
5970,-6.34
5972,-6.72
5974,-6.99
5977,-6.20
5979,-6.56
5981,-4.88
5983,-3.80
5985,-2.46
5987,-1.02
5990,-1.02
5992,-0.28
5994,0.16
5996,1.43
5998,3.63
6000,4.56
6004,5.55
6006,5.44
6008,5.53
6010,5.95
6012,6.32
6014,7.14
6016,7.87
6019,7.98
6021,7.79
6023,7.28
6025,6.72
6027,6.43
6029,6.24
6032,6.07
6034,5.81
6036,5.14
6038,3.69
6040,2.64
6042,1.69
6046,1.34
6048,0.26
6050,-0.64
6052,-1.62
6054,-2.82
6056,-4.18
6059,-4.86
6061,-5.29
6063,-5.57
6065,-6.04
6067,-6.84
6069,-7.38
6072,-7.75
6074,-7.82
6076,-7.52
6078,-7.15
6080,-6.86
6082,-6.64
6085,-6.22
6088,-5.77
6090,-5.06
6092,-4.19
6094,-2.85
6096,-2.05
6099,-1.37
6101,-0.73
6103,-0.02
6105,1.29
6107,2.31
6109,3.25
6112,4.03
6114,4.91
6116,5.16
6118,5.40
6120,5.82
6122,6.46
6125,6.93
6127,7.18
6129,7.19
6132,7.04
6134,6.56
6136,6.27
6139,6.07
6141,5.81
6143,5.38
6145,4.83
6147,4.06
6149,3.23
6152,2.40
6154,1.57
6156,0.82
6158,-0.02
6160,-0.89
6162,-2.38
6164,-3.22
6167,-3.87
6169,-4.43
6171,-5.09
6174,-5.57
6176,-6.08
6178,-6.54
6181,-6.90
6183,-7.09
6185,-7.02
6187,-6.85
6189,-6.66
6191,-6.33
6194,-6.05
6196,-5.65
6198,-5.08
6200,-4.06
6202,-3.32
6204,-2.59
6207,-1.89
6209,-0.87
6211,-0.15
6213,0.64
6216,1.47
6218,2.32
6221,3.42
6223,4.09
6225,4.61
6227,4.92
6229,5.40
6231,5.76
6234,6.04
6236,6.40
6238,6.63
6240,6.56
6242,6.40
6244,6.12
6247,5.84
6249,5.50
6251,5.15
6253,4.76
6255,4.25
6257,3.19
6261,2.49
6263,1.90
6265,1.28
6267,0.48
6269,-0.74
6271,-1.58
6273,-2.42
6276,-3.05
6278,-3.90
6280,-4.41
6282,-4.90
6284,-5.41
6287,-6.02
6289,-6.31
6291,-6.43
6293,-6.47
6295,-6.42
6297,-6.28
6300,-6.13
6303,-5.87
6305,-5.51
6307,-4.76
6309,-4.18
6311,-3.55
6314,-2.93
6316,-1.96
6318,-1.29
6320,-0.60
6322,0.13
6324,1.24
6327,2.01
6329,2.67
6331,3.27
6333,3.90
6335,4.56
6337,4.86
6340,5.16
6342,5.46
6345,5.83
6347,6.05
6349,6.13
6351,6.09
6353,5.94
6356,5.53
6358,5.27
6360,4.97
6362,4.62
6364,4.00
6366,3.43
6369,2.80
6371,2.19
6373,1.23
6375,0.47
6377,-0.28
6379,-1.00
6382,-1.76
6384,-2.65
6387,-3.23
6389,-3.79
6391,-4.32
6393,-5.03
6396,-5.37
6398,-5.65
6400,-5.84
6402,-5.97
6404,-6.00
6407,-5.95
6409,-5.83
6411,-5.47
6413,-5.11
6415,-4.69
6417,-4.20
6420,-3.41
6422,-2.85
6424,-2.25
6426,-1.60
6428,-0.93
6431,0.08
6434,0.72
6436,1.40
6438,2.06
6440,2.96
6442,3.51
6444,4.11
6446,4.42
6449,4.80
6451,5.05
6453,5.22
6455,5.44
6457,5.64
6459,5.69
6462,5.60
6464,5.37
6466,5.06
6468,4.61
6470,4.27
6473,3.92
6476,3.50
6478,2.99
6480,2.20
6482,1.55
6484,0.76
6486,0.04
6489,-0.95
6491,-1.56
6493,-2.07
6495,-2.64
6497,-3.20
6499,-4.04
6502,-4.52
6504,-4.87
6506,-5.11
6508,-5.34
6510,-5.46
6512,-5.54
6516,-5.59
6518,-5.48
6520,-5.25
6522,-4.92
6524,-4.54
6526,-3.90
6529,-3.44
6531,-2.98
6533,-2.44
6535,-1.53
6537,-0.88
6539,-0.23
6542,0.36
6544,0.96
6546,1.86
6548,2.41
6550,2.96
6552,3.50
6554,4.17
6558,4.42
6560,4.61
6562,4.80
6564,4.93
6566,5.21
6568,5.31
6571,5.29
6573,5.16
6575,4.76
6577,4.44
6579,4.13
6581,3.79
6584,3.26
6586,2.80
6588,2.35
6590,1.79
6592,1.01
6594,0.00
6597,-0.62
6600,-1.18
6602,-1.64
6604,-2.42
6606,-2.97
6608,-3.56
6611,-4.05
6613,-4.39
6615,-4.75
6617,-4.86
6619,-4.99
6621,-5.12
6624,-5.24
6626,-5.19
6628,-5.00
6630,-4.71
6632,-4.16
6634,-3.79
6637,-3.42
6639,-3.01
6641,-2.29
6644,-1.71
6646,-1.08
6648,-0.45
6651,0.11
6653,0.91
6655,1.43
6657,1.96
6659,2.52
6661,3.27
6664,3.76
6666,4.08
6668,4.25
6670,4.48
6672,4.61
6674,4.72
6676,4.88
6679,4.95
6681,4.83
6683,4.60
6686,4.28
6688,3.96
6690,3.48
6693,3.16
6695,2.80
6697,2.45
6699,1.92
6701,0.86
6703,0.20
6706,-0.41
6708,-0.90
6710,-1.53
6712,-2.00
6714,-2.54
6716,-3.12
6719,-3.63
6721,-4.15
6723,-4.35
6725,-4.47
6728,-4.57
6730,-4.77
6733,-4.87
6735,-4.88
6737,-4.76
6739,-4.36
6741,-4.00
6743,-3.65
6746,-3.30
6748,-2.77
6750,-2.33
6752,-1.82
6754,-1.24
6756,-0.62
6759,0.18
6761,0.67
6763,1.14
6765,1.64
6767,2.40
6769,2.88
6773,3.32
6775,3.71
6777,4.02
6779,4.15
6781,4.27
6783,4.37
6785,4.47
6788,4.60
6790,4.55
6792,4.39
6794,4.14
6796,3.66
6798,3.36
6801,3.04
6803,2.72
6805,2.44
6807,1.63
6809,0.99
6811,0.37
6815,-0.22
6817,-0.86
6819,-1.26
6821,-1.70
6823,-2.21
6825,-3.02
6828,-3.46
6830,-3.79
6832,-3.99
6834,-4.11
6836,-4.28
6838,-4.40
6841,-4.53
6843,-4.57
6845,-4.40
6847,-4.15
6849,-3.82
6851,-3.50
6854,-3.04
6857,-2.72
6859,-2.31
6861,-1.86
6863,-1.04
6865,-0.48
6868,0.03
6870,0.50
6872,0.93
6874,1.61
6876,2.08
6878,2.54
6881,2.97
6883,3.50
6885,3.75
6887,3.88
6889,3.98
6891,4.07
6893,4.18
6896,4.26
6899,4.26
6901,4.16
6903,3.83
6905,3.54
6907,3.23
6910,2.92
6912,2.64
6914,2.15
6916,1.64
6918,1.07
6920,0.51
6923,-0.29
6925,-0.68
6927,-1.08
6929,-1.51
6931,-2.22
6933,-2.70
6936,-3.11
6938,-3.43
6940,-3.66
6943,-3.86
6945,-4.00
6947,-4.12
6950,-4.21
6952,-4.23
6954,-4.11
6956,-3.91
6958,-3.65
6960,-3.22
6963,-2.93
6965,-1.09
6967,17.00
6969,-15.00
6971,17.00
6974,-4.47
6976,-11.85
6978,-11.60
6980,-5.39
6982,-3.27
6985,2.39
6988,0.79
6990,-2.78
6992,-7.05
6994,-11.26
6996,-5.98
6999,-1.97
7001,1.28
7003,1.36
7005,-3.80
7007,-5.36
7009,-5.96
7012,-2.74
7014,0.83
7016,3.61
7018,3.46
7020,0.84
7022,-0.65
7024,-0.52
7028,2.02
7030,5.06
7032,6.38
7034,6.10
7036,3.45
7038,1.87
7041,1.98
7043,3.04
7045,5.82
7047,6.52
7049,5.77
7051,4.23
7054,2.46
7056,1.44
7058,2.03
7060,2.97
7062,3.93
7064,2.62
7066,0.75
7070,-0.82
7072,-1.82
7074,-1.17
7076,-0.55
7078,-0.48
7081,-1.24
7083,-3.44
7085,-4.42
7087,-4.70
7089,-4.25
7091,-3.53
7094,-3.18
7096,-3.67
7098,-4.51
7100,-5.12
7102,-4.86
7104,-4.03
7107,-3.12
7109,-2.60
7112,-2.61
7114,-2.83
7116,-2.76
7118,-2.20
7121,-0.81
7123,0.07
7125,0.61
7127,0.80
7129,0.86
7131,1.22
7134,1.79
7136,2.51
7138,3.18
7140,3.72
7142,3.77
7144,3.69
7146,3.62
7149,3.70
7151,4.02
7153,4.23
7156,4.30
7158,4.15
7160,3.61
7163,3.22
7165,2.88
7167,2.65
7169,2.43
7171,2.07
7173,1.58
7176,0.95
7178,0.31
7180,-0.47
7182,-0.80
7184,-1.09
7186,-1.44
7189,-2.16
7191,-2.67
7193,-3.13
7195,-3.47
7198,-3.63
7200,-3.72
7203,-3.80
7205,-3.90
7207,-4.04
7209,-4.12
7211,-4.01
7213,-3.77
7216,-3.45
7218,-2.97
7220,-2.70
7222,-2.43
7224,-2.12
7226,-1.49
7229,-0.97
7231,-0.43
7233,0.07
7235,0.50
7237,1.03
7240,1.41
7243,1.82
7245,2.25
7247,2.86
7249,3.16
7251,3.41
7253,3.53
7255,3.61
7258,3.71
7260,3.77
7262,3.82
7264,3.83
7266,3.69
7268,3.46
7271,3.20
7273,2.91
7275,2.50
7277,2.22
7279,1.84
7281,1.40
7285,0.92
7287,0.19
7289,-0.23
7291,-0.62
7293,-1.01
7295,-1.61
7298,-2.04
7300,-2.43
7302,-2.79
7304,-3.20
7306,-3.36
7308,-3.51
7311,-3.63
7313,-3.73
7315,-3.80
7317,-3.77
7319,-3.66
7321,-3.50
7324,-3.16
7327,-2.90
7329,-2.62
7331,-2.32
7333,-1.78
7335,-1.36
7338,-0.94
7340,-0.50
7342,0.15
7344,0.54
7346,0.93
7348,1.32
7351,1.71
7353,2.26
7355,2.60
7357,2.88
7359,3.09
7361,3.36
7364,3.46
7366,3.53
7369,3.57
7371,3.57
7373,3.50
7375,3.41
7377,3.25
7380,3.07
7382,2.68
7384,2.40
7386,2.05
7388,1.67
7390,1.27
7393,0.68
7395,0.30
7397,-0.09
7399,-0.51
7401,-1.14
7403,-1.55
7406,-1.92
7408,-2.25
7411,-2.65
7413,-2.88
7415,-3.10
7417,-3.30
7420,-3.44
7422,-3.55
7424,-3.54
7426,-3.48
7428,-3.38
7430,-3.18
7433,-2.99
7435,-2.78
7437,-2.50
7439,-2.02
7441,-1.65
7443,-1.28
7446,-0.90
7448,-0.31
7450,0.08
7452,0.47
7455,0.85
7457,1.24
7460,1.76
7462,2.10
7464,2.38
7466,2.64
7468,2.95
7470,3.13
7472,3.26
7475,3.33
7477,3.36
7479,3.33
7481,3.27
7483,3.19
7485,3.07
7488,2.78
7490,2.55
7492,2.23
7494,1.89
7497,1.53
7499,0.99
7502,0.67
7504,0.31
7506,-0.07
7508,-0.67
7510,-1.08
7512,-1.45
7515,-1.79
7517,-2.21
7519,-2.46
7521,-2.69
7523,-2.91
7525,-3.10
7528,-3.28
7530,-3.32
7532,-3.30
7534,-3.24
7536,-3.10
7539,-2.97
7542,-2.83
7544,-2.63
7546,-2.20
7548,-1.87
7550,-1.53
7552,-1.19
7555,-0.67
7557,-0.31
7559,0.06
7561,0.44
7563,0.81
7565,1.33
7568,1.65
7570,1.95
7572,2.22
7574,2.56
7576,2.77
7578,2.94
7582,3.06
7584,3.16
7586,3.16
7588,3.13
7590,3.06
7592,2.98
7594,2.78
7597,2.60
7599,2.36
7601,2.08
7603,1.61
7605,1.27
7607,0.95
7610,0.62
7612,0.29
7614,-0.25
7616,-0.64
7618,-1.01
7620,-1.36
7624,-1.81
7626,-2.05
7628,-2.30
7630,-2.53
7632,-2.82
7634,-2.97
7637,-3.06
7639,-3.09
7641,-3.08
7643,-3.00
7645,-2.91
7647,-2.80
7650,-2.64
7652,-2.30
7654,-2.04
7656,-1.74
7658,-1.44
7660,-0.95
7663,-0.62
7665,-0.28
7668,0.07
7670,0.61
7672,0.94
7674,1.25
7677,1.55
7679,1.82
7681,2.19
7683,2.41
7685,2.61
7687,2.76
7690,2.92
7692,2.97
7694,2.96
7696,2.93
7698,2.87
7700,2.74
7703,2.59
7705,2.41
7707,2.19
7710,1.78
7712,1.50
7714,1.19
7717,0.88
7719,0.41
7721,0.07
7723,-0.27
7725,-0.63
7727,-0.96
7729,-1.42
7732,-1.70
7734,-1.94
7736,-2.18
7738,-2.47
7740,-2.65
7742,-2.77
7745,-2.86
7747,-2.89
7749,-2.87
7752,-2.81
7754,-2.72
7757,-2.61
7759,-2.36
7761,-2.14
7763,-1.89
7765,-1.63
7767,-1.18
7770,-0.88
7772,-0.56
7774,-0.23
7776,0.26
7778,0.58
7780,0.89
7782,1.19
7785,1.59
7787,1.85
7789,2.08
7791,2.29
7793,2.46
7796,2.64
7799,2.72
7801,2.77
7803,2.76
7805,2.73
7807,2.67
7809,2.56
7812,2.41
7814,2.22
7816,1.90
7818,1.65
7820,1.38
7822,1.11
7825,0.67
7827,0.36
7829,0.03
7831,-0.30
7833,-0.62
7835,-1.08
7839,-1.35
7841,-1.60
7843,-1.83
7845,-2.15
7847,-2.34
7849,-2.49
7852,-2.61
7854,-2.70
7856,-2.71
7858,-2.68
7860,-2.62
7862,-2.50
7865,-2.36
7867,-2.19
7869,-1.99
7871,-1.76
7873,-1.35
7875,-1.07
7878,-0.80
7881,-0.50
7883,-0.04
7885,0.27
7887,0.58
7889,0.87
7892,1.28
7894,1.52
7896,1.76
7898,1.96
7900,2.16
7902,2.38
7905,2.49
7907,2.56
7909,2.60
7911,2.59
7913,2.56
7915,2.49
7917,2.38
7920,2.15
7923,1.95
7925,1.75
7927,1.52
7929,1.26
7931,0.86
7934,0.58
7936,0.29
7938,-0.01
7940,-0.47
7942,-0.76
7944,-1.03
7947,-1.29
7949,-1.53
7951,-1.86
7953,-2.04
7955,-2.21
7957,-2.34
7960,5.18
7962,17.00
7964,-3.19
7967,6.78
7969,-10.69
7972,-6.95
7974,-14.05
7976,-12.95
7978,-5.57
7980,-3.47
7982,0.28
7985,-3.74
7987,-10.76
7989,-12.62
7991,-12.14
7993,-7.77
7996,-3.87
7998,-1.44
8000,-4.77
8002,-6.68
8004,-7.34
8006,-5.03
8010,-1.06
8012,2.09
8014,3.11
8016,1.73
8018,0.26
8020,0.36
8023,2.50
8025,6.05
8027,7.96
8029,8.40
8031,7.37
8033,5.82
8035,5.35
8038,6.15
8040,7.56
8042,8.77
8044,9.13
8046,8.22
8048,6.62
8052,5.32
8054,4.62
8056,4.83
8058,5.33
8060,5.23
8062,3.50
8065,1.90
8067,0.25
8069,-0.89
8071,-1.39
8073,-1.74
8075,-2.21
8078,-3.18
8080,-4.59
8082,-6.35
8084,-6.92
8086,-6.98
8088,-6.81
8091,-6.89
8094,-7.30
8096,-7.88
8098,-8.25
8100,-8.20
8102,-7.35
8105,-6.53
8107,-5.84
8109,-5.36
8111,-4.88
8113,-4.40
8115,-3.66
8118,-2.62
8120,-0.94
8122,0.01
8124,0.75
8126,1.32
8128,1.99
8131,3.17
8133,4.23
8136,5.04
8138,5.55
8140,6.05
8142,6.23
8144,6.42
8147,6.74
8149,7.12
8151,7.30
8153,7.31
8155,7.09
8157,6.76
8160,6.11
8162,5.65
8164,5.28
8166,4.87
8168,4.03
8170,3.29
8173,2.42
8175,1.74
8177,0.38
8180,-0.55
8182,-1.35
8184,-2.18
8187,-3.00
8189,-3.99
8191,-4.69
8193,-5.28
8195,-5.82
8197,-6.47
8200,-6.75
8202,-6.99
8204,-7.13
8206,-7.21
8208,-7.11
8210,-6.93
8213,-6.63
8215,-6.23
8217,-5.49
8219,-4.93
8222,-4.31
8224,-3.65
8227,-2.54
8229,-1.75
8231,-0.98
8233,-0.21
8235,0.96
8237,1.76
8240,2.55
8242,3.30
8244,4.43
8246,4.87
8248,5.18
8250,5.50
8253,5.84
8255,6.27
8257,6.63
8259,6.77
8261,6.74
8264,6.53
8267,6.21
8269,5.94
8271,5.66
8273,5.34
8275,4.75
8277,4.18
8280,3.47
8282,2.74
8284,1.81
8286,1.09
8288,0.26
8290,-0.59
8292,-1.86
8295,-2.68
8297,-3.28
8299,-3.88
8301,-4.43
8303,-5.18
8305,-5.67
8309,-6.08
8311,-6.41
8313,-6.62
8315,-6.64
8317,-6.59
8320,-6.48
8322,-6.21
8324,-5.91
8326,-5.52
8328,-5.02
8330,-4.12
8333,-3.49
8335,-2.84
8337,-2.17
8339,-1.12
8341,-0.44
8343,0.32
8346,1.07
8348,1.85
8351,2.92
8353,3.52
8355,4.22
8357,4.60
8360,5.04
8362,5.37
8364,5.63
8366,5.91
8368,6.20
8370,6.30
8372,6.21
8375,6.02
8377,5.72
8379,5.32
8381,5.01
8383,4.65
8385,4.25
8388,3.37
8390,2.71
8393,2.08
8395,1.49
8397,0.70
8399,-0.46
8402,-1.19
8404,-1.98
8406,-2.59
8408,-3.47
8410,-4.04
8412,-4.53
8415,-5.03
8417,-5.60
8419,-5.87
8421,-6.04
8423,-6.11
8425,-6.15
8428,-6.08
8430,-5.93
8432,-5.69
8435,-5.36
8437,-4.69
8439,-4.19
8442,-3.64
8444,-3.07
8446,-2.16
8448,-1.49
8450,-0.81
8452,-0.11
8455,0.89
8457,1.60
8459,2.26
8461,2.87
8463,3.43
8465,4.29
8468,4.59
8470,4.85
8472,5.12
8474,5.41
8476,5.66
8479,5.81
8482,5.84
8484,5.77
8486,5.41
8488,5.13
8490,4.83
8492,4.51
8494,3.96
8497,3.48
8499,2.93
8501,2.34
8503,1.43
8505,0.66
8507,-0.08
8510,-0.74
8512,-1.45
8514,-2.28
8516,-2.85
8518,-3.40
8521,-3.97
8524,-4.69
8526,-5.04
8528,-5.30
8530,-5.47
8532,-5.64
8534,-5.70
8537,-5.72
8539,-5.64
8541,-5.45
8543,-4.98
8545,-4.59
8547,-4.16
8550,-3.68
8552,-2.93
8554,-2.36
8556,-1.74
8558,-1.09
8560,-0.12
8564,0.47
8566,1.11
8568,1.72
8570,2.31
8572,3.15
8574,3.72
8577,4.18
8579,4.43
8581,4.74
8583,4.94
8585,5.09
8587,5.31
8590,5.44
8592,5.40
8594,5.24
8596,4.95
8598,4.65
8600,4.17
8603,3.82
8606,3.48
8608,3.05
8610,2.32
8612,1.71
8614,0.92
8616,0.20
8619,-0.41
8621,-1.31
8623,-1.77
8625,-2.31
8627,-2.86
8629,-3.74
8632,-4.22
8634,-4.57
8636,-4.81
8638,-5.02
8640,-5.14
8642,-5.27
8645,-5.35
8648,-5.30
8650,-5.10
8652,-4.79
8654,-4.41
8656,-4.02
8659,-3.44
8661,-3.00
8663,-2.52
8665,-1.95
8667,-1.01
8670,-0.37
8672,0.20
8674,0.76
8676,1.56
8678,2.12
8680,2.67
8682,3.18
8685,3.70
8687,4.20
8689,4.37
8692,4.54
8694,4.68
8696,4.88
8699,5.04
8701,5.07
8703,4.99
8705,4.66
8707,4.34
8709,4.02
8712,3.70
8714,3.35
8716,2.80
8718,2.43
8720,1.88
8722,1.15
8725,0.13
8727,-0.47
8729,-1.00
8731,-1.41
8734,-1.88
8736,-2.69
8739,-3.27
8741,-3.77
8743,-4.15
8745,-4.48
8747,-4.60
8749,-4.70
8752,-4.84
8754,-5.01
8756,-5.00
8758,-4.85
8760,-4.58
8762,-4.05
8765,-3.70
8767,-3.35
8769,-3.00
8771,-2.33
8773,-1.79
8776,-1.17
8779,-0.55
8781,-0.02
8783,0.75
8785,1.23
8787,1.76
8789,2.26
8792,3.02
8794,3.47
8796,3.85
8798,4.06
8800,4.20
8802,4.38
8804,4.48
8807,4.62
8809,4.72
8811,4.65
8813,4.48
8815,4.20
8817,3.87
8821,3.40
8823,3.07
8825,2.76
8827,2.46
8829,1.95
8831,0.95
8834,0.32
8836,-0.28
8838,-0.74
8840,-1.35
8842,-1.80
8844,-2.30
8847,-2.88
8849,-3.59
8851,-3.91
8853,-4.11
8855,-4.24
8857,-4.33
8860,-4.52
8863,-4.65
8865,-4.68
8867,-4.59
8869,-4.23
8871,-3.90
8874,-3.56
8876,-3.24
8878,-2.74
8880,-2.33
8882,-1.86
8884,-1.30
8887,-0.44
8889,0.07
8891,0.55
8893,0.99
8895,1.45
8897,2.18
8900,2.65
8902,3.08
8905,3.46
8907,3.85
8909,3.97
8911,4.06
8914,4.18
8916,4.26
8918,4.38
8920,4.36
8922,4.24
8924,4.03
8926,3.57
8929,3.29
8931,2.96
8933,2.68
8935,2.39
8937,1.64
8939,1.06
8942,0.48
8944,-0.10
8947,-0.74
8949,-1.14
8951,-1.57
8953,-2.04
8956,-2.82
8958,-3.22
8960,-0.05
8962,17.00
8964,-15.00
8966,17.00
8969,-11.04
8971,-10.23
8973,-15.00
8975,-8.93
8977,-6.86
8980,-3.44
8982,-5.19
8984,-7.47
8986,-12.64
8988,-12.48
8992,-8.72
8994,-3.16
8996,-1.25
8998,-0.19
9000,-4.34
9002,-6.30
9005,-5.76
9007,-2.76
9009,1.81
9011,5.19
9013,5.06
9015,3.01
9018,1.72
9020,2.53
9022,4.80
9024,7.61
9026,9.49
9028,8.96
9030,7.57
9034,6.03
9036,5.52
9038,6.18
9040,8.02
9042,9.02
9044,8.84
9047,7.45
9049,4.87
9051,3.59
9053,3.15
9055,3.53
9057,3.88
9060,3.46
9062,1.79
9064,-0.40
9066,-2.21
9068,-3.42
9070,-3.41
9073,-3.18
9076,-3.59
9078,-5.35
9080,-6.84
9082,-7.90
9084,-8.11
9087,-7.84
9089,-7.05
9091,-6.97
9093,-7.30
9095,-7.85
9097,-8.01
9100,-7.40
9102,-6.37
9104,-5.25
9106,-4.08
9108,-3.68
9110,-3.40
9113,-2.85
9115,-1.44
9118,-0.19
9120,1.04
9122,1.98
9124,2.70
9127,3.37
9129,4.10
9131,4.68
9133,5.28
9135,6.25
9137,6.66
9140,6.92
9142,7.10
9144,7.08
9146,7.01
9148,7.02
9150,6.93
9152,6.83
9155,6.43
9157,5.89
9160,5.36
9162,4.67
9164,3.95
9166,3.01
9169,2.32
9171,1.91
9173,1.03
9175,-0.63
9177,-1.65
9179,-2.62
9182,-3.34
9184,-4.07
9186,-4.61
9188,-5.17
9190,-5.86
9192,-6.51
9195,-7.08
9197,-7.22
9199,-7.17
9201,-7.08
9204,-6.98
9206,-6.91
9209,-6.75
9211,-6.40
9213,-5.53
9215,-4.79
9217,-4.08
9219,-3.42
9222,-2.46
9224,-1.78
9226,-1.01
9228,-0.17
9230,0.73
9232,2.03
9235,2.77
9237,3.44
9239,4.13
9241,4.86
9243,5.22
9246,5.64
9249,6.00
9251,6.28
9253,6.73
9255,6.78
9257,6.72
9259,6.59
9261,6.22
9264,6.00
9266,5.71
9268,5.39
9270,4.69
9272,4.04
9274,3.34
9277,2.62
9279,1.95
9281,1.03
9283,0.17
9285,-0.72
9288,-1.58
9291,-2.86
9293,-3.44
9295,-4.00
9297,-4.50
9299,-5.26
9301,-5.80
9304,-6.21
9306,-6.54
9308,-6.69
9310,-6.68
9312,-6.59
9314,-6.48
9317,-6.34
9319,-5.93
9321,-5.53
9323,-4.99
9325,-4.36
9327,-3.38
9331,-2.74
9333,-2.08
9335,-1.40
9337,-0.34
9339,0.43
9341,1.21
9344,2.02
9346,2.71
9348,3.64
9350,4.32
9352,4.67
9354,4.97
9357,5.47
9359,5.73
9361,6.01
9363,6.26
9365,6.33
9367,6.23
9370,6.02
9372,5.73
9375,5.48
9377,4.99
9379,4.64
9381,4.20
9383,3.61
9386,2.62
9388,2.02
9390,1.40
9392,0.61
9394,-0.20
9396,-1.32
9399,-2.11
9401,-2.71
9403,-3.29
9405,-4.14
9407,-4.65
9410,-5.14
9412,-5.52
9414,-5.95
9417,-6.10
9419,-6.16
9421,-6.20
9424,-6.10
9426,-5.95
9428,-5.70
9430,-5.35
9432,-4.67
9434,-4.14
9437,-3.58
9439,-3.00
9441,-2.39
9443,-1.41
9445,-0.73
9447,-0.03
9450,0.66
9452,1.72
9454,2.38
9456,2.99
9459,3.54
9461,4.35
9464,4.64
9466,4.91
9468,5.19
9470,5.38
9472,5.74
9474,5.87
9477,5.88
9479,5.79
9481,5.41
9483,5.14
9485,4.84
9487,4.51
9490,3.92
9492,3.43
9494,2.87
9496,2.28
9498,1.74
9500,0.57
9503,-0.17
9506,-0.83
9508,-1.55
9510,-2.39
9512,-2.95
9514,-3.52
9516,-4.08
9519,-4.78
9521,-5.11
9523,-5.37
9525,-5.54
9527,-5.65
9530,-5.74
9532,-5.75
9534,-5.66
9536,-5.46
9538,-4.97
9540,-4.56
9544,-4.12
9546,-3.65
9548,-2.87
9550,-2.30
9552,-1.68
9554,-1.03
9557,-0.04
9559,0.56
9561,1.20
9563,1.81
9565,2.40
9567,3.24
9570,3.83
9572,4.24
9574,4.49
9576,4.82
9578,4.99
9580,5.15
9582,5.37
9585,5.48
9588,5.43
9590,5.25
9592,4.94
9594,4.64
9596,4.16
9599,3.81
9601,3.44
9603,2.99
9605,2.27
9607,1.61
9609,0.84
9612,0.14
9614,-0.80
9616,-1.38
9618,-1.85
9620,-2.39
9622,-2.96
9625,-3.83
9627,-4.31
9630,-4.64
9632,-4.89
9634,-5.07
9636,-5.19
9639,-5.31
9641,-5.38
9643,-5.32
9645,-5.10
9647,-4.79
9649,-4.40
9652,-4.01
9654,-3.40
9656,-2.97
9658,-2.47
9660,-1.89
9662,-0.94
9665,-0.30
9667,0.27
9669,0.84
9672,1.66
9674,2.19
9676,2.75
9679,3.26
9681,3.78
9683,4.25
9685,4.43
9687,4.59
9689,4.72
9692,4.94
9694,5.06
9696,5.10
9698,5.00
9700,4.80
9702,4.33
9704,4.02
9707,3.67
9709,3.34
9711,2.78
9713,2.38
9716,1.81
9718,1.08
9721,0.06
9723,-0.53
9725,-1.06
9727,-1.47
9729,-1.96
9731,-2.77
9734,-3.35
9736,-3.86
9738,-4.20
9740,-4.52
9742,-4.65
9744,-4.75
9747,-4.90
9749,-5.04
9751,-5.01
9753,-4.86
9755,-4.57
9758,-4.05
9761,-3.68
9763,-3.34
9765,-2.97
9767,-2.53
9769,-1.73
9771,-1.11
9774,-0.50
9776,0.05
9778,0.81
9780,1.30
9782,1.82
9784,2.34
9787,3.08
9789,3.55
9791,3.90
9793,4.11
9795,4.22
9797,4.41
9801,4.52
9803,4.66
9805,4.76
9807,4.67
9809,4.47
9811,4.17
9814,3.84
9816,3.54
9818,3.06
9820,2.74
9822,2.43
9824,1.90
9826,0.89
9829,0.26
9831,-0.34
9833,-0.79
9835,-1.19
9837,-1.86
9839,-2.39
9843,-2.95
9845,-3.46
9847,-3.98
9849,-4.16
9851,-4.27
9853,-4.37
9856,-4.57
9858,-4.68
9860,-4.72
9862,-4.60
9864,-4.21
9866,-3.88
9869,-3.54
9871,-3.22
9873,-2.72
9875,-2.30
9877,-1.81
9880,-1.25
9882,-0.66
9884,0.13
9887,0.60
9889,1.04
9891,1.51
9893,2.25
9896,2.71
9898,3.14
9900,3.52
9902,3.89
9904,4.00
9906,4.09
9909,4.20
9911,4.30
9913,4.41
9915,4.38
9917,4.24
9919,4.01
9922,3.56
9924,3.26
9926,2.94
9929,2.65
9931,2.37
9933,1.59
9936,1.00
9938,0.42
9940,-0.17
9942,-0.77
9944,-1.18
9946,-1.62
9948,-2.10
9951,-2.87
9953,-2.85
9955,17.00
9957,-2.82
9959,-15.00
9962,-4.66
9964,-14.99
9966,-9.75
9968,-11.82
9971,-8.62
9974,-8.71
9976,-4.63
9978,-8.32
9980,-11.38
9982,-13.34
9984,-12.61
9987,-7.28
9989,-5.21
9991,-3.00
9993,-3.60
9995,-5.94
9998,-6.49